seed,model_path,task_list,offloading,architecture,channel,heavy_const,q_bits,finetune_dataset,head_sparsity_aggression,do_downstream_eval,do_longbench_eval,longbench_datasets,model_mode,model_load_path,model_resume_path,save_interval,calibrate_thresholds,randomize_init,test_with_thresholds,gfac,immediate_train,ssmize_predictor,flash_attn,train_headpredictor,min_sparse_index,attn_reduce_factor,head_attn_reduce_factor,pred_lr,dDash,skip_outlier,no_pred_causal_mask,evalgap,max_norm,intdim,token_sparse_method,eval_llm_mode,proj_name,eval_subset,train_subset_fac,rpj_train_seqlen,eval_wk2_seqlen,grad_accum_steps,producer_frequency,group_factor,num_tok_per_page,stream_llm_start_size,lfunc,no_wandb,no_wikitext_eval,result_file,wname,do_wikitext_eval,net_sparsity,true_token_sparsity,perplexity,arc_easy_acc,hellaswag_acc,piqa_acc,winogrande_acc
42,microsoft/Phi-3-mini-4k-instruct,"['winogrande', 'hellaswag', 'piqa', 'arc_easy']",False,phi3,qk,128,4,c4_realnewslike,0.5,True,False,"['triviaqa', 'qasper', 'trec', 'samsum', 'lcc', 'repobench-p', 'qmsum', 'multi_news']",eval,/home/ya255/projects/all_contextual/expt_model/42_microsoft_Phi-3-mini-4k-instruct_False_phi3_qk_128_4_c4_realnewslike_0.5_True_False_finetune_None_None_5000_False_False_False_1_False_False_False_False_4_8_2/0.001_16_None_False_1000_20_1024_fixed_40pc_ExpPred_AllContextual_Jan9_1000_4_1024_1024_1_32_4_16_4_MSE_False_False_P3mini_1k_1PC.csv_P3mini_1k_1PC_True_0.3875000000000002_20250115-200756.pt,,5000,False,False,False,1,False,False,False,False,4,8,2,0.001,16,,False,1000,20,1024,fixed_10pc,ExpPred,AllContextual_ICML,2500,4,1024,1024,1,32,4,16,4,MSE,True,False,P3mini_1k_1PC.csv,P3mini_1k_1PC,True,0.096875,9.286430687643588,6.907512187957764,0.8186026936026936,0.5216,0.8073993471164309,0.7403314917127072
42,microsoft/Phi-3-mini-4k-instruct,"['winogrande', 'hellaswag', 'piqa', 'arc_easy']",False,phi3,qk,128,4,c4_realnewslike,0.5,True,False,"['triviaqa', 'qasper', 'trec', 'samsum', 'lcc', 'repobench-p', 'qmsum', 'multi_news']",eval,/home/ya255/projects/all_contextual/expt_model/42_microsoft_Phi-3-mini-4k-instruct_False_phi3_qk_128_4_c4_realnewslike_0.5_True_False_finetune_None_None_5000_False_False_False_1_False_False_False_False_4_8_2/0.001_16_None_False_1000_20_1024_fixed_40pc_ExpPred_AllContextual_Jan9_1000_4_1024_1024_1_32_4_16_4_MSE_False_False_P3mini_1k_1PC.csv_P3mini_1k_1PC_True_0.3875000000000002_20250115-200756.pt,,5000,False,False,False,1,False,False,False,False,4,8,2,0.001,16,,False,1000,20,1024,fixed_20pc,ExpPred,AllContextual_ICML,2500,4,1024,1024,1,32,4,16,4,MSE,True,False,P3mini_1k_1PC.csv,P3mini_1k_1PC,True,0.1937500000000001,18.793118884786963,6.927016735076904,0.8198653198653199,0.5212,0.7992383025027203,0.734017363851618
42,microsoft/Phi-3-mini-4k-instruct,"['winogrande', 'hellaswag', 'piqa', 'arc_easy']",False,phi3,qk,128,4,c4_realnewslike,0.5,True,False,"['triviaqa', 'qasper', 'trec', 'samsum', 'lcc', 'repobench-p', 'qmsum', 'multi_news']",eval,/home/ya255/projects/all_contextual/expt_model/42_microsoft_Phi-3-mini-4k-instruct_False_phi3_qk_128_4_c4_realnewslike_0.5_True_False_finetune_None_None_5000_False_False_False_1_False_False_False_False_4_8_2/0.001_16_None_False_1000_20_1024_fixed_40pc_ExpPred_AllContextual_Jan9_1000_4_1024_1024_1_32_4_16_4_MSE_False_False_P3mini_1k_1PC.csv_P3mini_1k_1PC_True_0.3875000000000002_20250115-200756.pt,,5000,False,False,False,1,False,False,False,False,4,8,2,0.001,16,,False,1000,20,1024,fixed_30pc,ExpPred,AllContextual_ICML,2500,4,1024,1024,1,32,4,16,4,MSE,True,False,P3mini_1k_1PC.csv,P3mini_1k_1PC,True,0.290625,28.251461498439312,6.949891567230225,0.8131313131313131,0.52,0.7981501632208923,0.7198105761641673
42,microsoft/Phi-3-mini-4k-instruct,"['winogrande', 'hellaswag', 'piqa', 'arc_easy']",False,phi3,qk,128,4,c4_realnewslike,0.5,True,False,"['triviaqa', 'qasper', 'trec', 'samsum', 'lcc', 'repobench-p', 'qmsum', 'multi_news']",eval,/home/ya255/projects/all_contextual/expt_model/42_microsoft_Phi-3-mini-4k-instruct_False_phi3_qk_128_4_c4_realnewslike_0.5_True_False_finetune_None_None_5000_False_False_False_1_False_False_False_False_4_8_2/0.001_16_None_False_1000_20_1024_fixed_40pc_ExpPred_AllContextual_Jan9_1000_4_1024_1024_1_32_4_16_4_MSE_False_False_P3mini_1k_1PC.csv_P3mini_1k_1PC_True_0.3875000000000002_20250115-200756.pt,,5000,False,False,False,1,False,False,False,False,4,8,2,0.001,16,,False,1000,20,1024,fixed_40pc,ExpPred,AllContextual_ICML,2500,4,1024,1024,1,32,4,16,4,MSE,True,False,P3mini_1k_1PC.csv,P3mini_1k_1PC,True,0.3875000000000002,37.72662486881018,6.984608173370361,0.8080808080808081,0.5156,0.7997823721436343,0.7150749802683505
42,microsoft/Phi-3-mini-4k-instruct,"['winogrande', 'hellaswag', 'piqa', 'arc_easy']",False,phi3,qk,128,4,c4_realnewslike,0.5,True,False,"['triviaqa', 'qasper', 'trec', 'samsum', 'lcc', 'repobench-p', 'qmsum', 'multi_news']",eval,/home/ya255/projects/all_contextual/expt_model/42_microsoft_Phi-3-mini-4k-instruct_False_phi3_qk_128_4_c4_realnewslike_0.5_True_False_finetune_None_None_5000_False_False_False_1_False_False_False_False_4_8_2/0.001_16_None_False_1000_20_1024_fixed_40pc_ExpPred_AllContextual_Jan9_1000_4_1024_1024_1_32_4_16_4_MSE_False_False_P3mini_1k_1PC.csv_P3mini_1k_1PC_True_0.3875000000000002_20250115-200756.pt,,5000,False,False,False,1,False,False,False,False,4,8,2,0.001,16,,False,1000,20,1024,fixed_50pc,ExpPred,AllContextual_ICML,2500,4,1024,1024,1,32,4,16,4,MSE,True,False,P3mini_1k_1PC.csv,P3mini_1k_1PC,True,0.484375,47.30028212070465,7.052220821380615,0.8047138047138047,0.5168,0.7932535364526659,0.7040252565114443
42,microsoft/Phi-3-mini-4k-instruct,"['winogrande', 'hellaswag', 'piqa', 'arc_easy']",False,phi3,qk,128,4,c4_realnewslike,0.5,True,False,"['triviaqa', 'qasper', 'trec', 'samsum', 'lcc', 'repobench-p', 'qmsum', 'multi_news']",eval,/home/ya255/projects/all_contextual/expt_model/42_microsoft_Phi-3-mini-4k-instruct_False_phi3_qk_128_4_c4_realnewslike_0.5_True_False_finetune_None_None_5000_False_False_False_1_False_False_False_False_4_8_2/0.001_16_None_False_1000_20_1024_fixed_40pc_ExpPred_AllContextual_Jan9_1000_4_1024_1024_1_32_4_16_4_MSE_False_False_P3mini_1k_1PC.csv_P3mini_1k_1PC_True_0.3875000000000002_20250115-200756.pt,,5000,False,False,False,1,False,False,False,False,4,8,2,0.001,16,,False,1000,20,1024,fixed_60pc,ExpPred,AllContextual_ICML,2500,4,1024,1024,1,32,4,16,4,MSE,True,False,P3mini_1k_1PC.csv,P3mini_1k_1PC,True,0.58125,56.71119596809149,7.1692657470703125,0.7925084175084175,0.5036,0.7867247007616975,0.665351223362273
42,microsoft/Phi-3-mini-4k-instruct,"['winogrande', 'hellaswag', 'piqa', 'arc_easy']",False,phi3,qk,128,4,c4_realnewslike,0.5,True,False,"['triviaqa', 'qasper', 'trec', 'samsum', 'lcc', 'repobench-p', 'qmsum', 'multi_news']",eval,/home/ya255/projects/all_contextual/expt_model/42_microsoft_Phi-3-mini-4k-instruct_False_phi3_qk_128_4_c4_realnewslike_0.5_True_False_finetune_None_None_5000_False_False_False_1_False_False_False_False_4_8_2/0.001_16_None_False_1000_20_1024_fixed_40pc_ExpPred_AllContextual_Jan9_1000_4_1024_1024_1_32_4_16_4_MSE_False_False_P3mini_1k_1PC.csv_P3mini_1k_1PC_True_0.3875000000000002_20250115-200756.pt,,5000,False,False,False,1,False,False,False,False,4,8,2,0.001,16,,False,1000,20,1024,fixed_10pc,oracle,AllContextual_ICML,2500,4,1024,1024,1,32,4,16,4,MSE,True,False,P3mini_1k_1PC_oracle.csv,P3mini_1k_1PC_oracle,True,0.096875,9.198869531974196,6.896588325500488,0.8173400673400674,0.5196,0.8035908596300326,0.7363851617995264
42,microsoft/Phi-3-mini-4k-instruct,"['winogrande', 'hellaswag', 'piqa', 'arc_easy']",False,phi3,qk,128,4,c4_realnewslike,0.5,True,False,"['triviaqa', 'qasper', 'trec', 'samsum', 'lcc', 'repobench-p', 'qmsum', 'multi_news']",eval,/home/ya255/projects/all_contextual/expt_model/42_microsoft_Phi-3-mini-4k-instruct_False_phi3_qk_128_4_c4_realnewslike_0.5_True_False_finetune_None_None_5000_False_False_False_1_False_False_False_False_4_8_2/0.001_16_None_False_1000_20_1024_fixed_40pc_ExpPred_AllContextual_Jan9_1000_4_1024_1024_1_32_4_16_4_MSE_False_False_P3mini_1k_1PC.csv_P3mini_1k_1PC_True_0.3875000000000002_20250115-200756.pt,,5000,False,False,False,1,False,False,False,False,4,8,2,0.001,16,,False,1000,20,1024,fixed_20pc,oracle,AllContextual_ICML,2500,4,1024,1024,1,32,4,16,4,MSE,True,False,P3mini_1k_1PC_oracle.csv,P3mini_1k_1PC_oracle,True,0.1937500000000001,18.641934171319008,6.896953105926514,0.8177609427609428,0.5196,0.8030467899891186,0.7371744277821626
42,microsoft/Phi-3-mini-4k-instruct,"['winogrande', 'hellaswag', 'piqa', 'arc_easy']",False,phi3,qk,128,4,c4_realnewslike,0.5,True,False,"['triviaqa', 'qasper', 'trec', 'samsum', 'lcc', 'repobench-p', 'qmsum', 'multi_news']",eval,/home/ya255/projects/all_contextual/expt_model/42_microsoft_Phi-3-mini-4k-instruct_False_phi3_qk_128_4_c4_realnewslike_0.5_True_False_finetune_None_None_5000_False_False_False_1_False_False_False_False_4_8_2/0.001_16_None_False_1000_20_1024_fixed_40pc_ExpPred_AllContextual_Jan9_1000_4_1024_1024_1_32_4_16_4_MSE_False_False_P3mini_1k_1PC.csv_P3mini_1k_1PC_True_0.3875000000000002_20250115-200756.pt,,5000,False,False,False,1,False,False,False,False,4,8,2,0.001,16,,False,1000,20,1024,fixed_30pc,oracle,AllContextual_ICML,2500,4,1024,1024,1,32,4,16,4,MSE,True,False,P3mini_1k_1PC_oracle.csv,P3mini_1k_1PC_oracle,True,0.290625,28.069458715617657,6.8966965675354,0.8169191919191919,0.5204,0.8035908596300326,0.7363851617995264
42,microsoft/Phi-3-mini-4k-instruct,"['winogrande', 'hellaswag', 'piqa', 'arc_easy']",False,phi3,qk,128,4,c4_realnewslike,0.5,True,False,"['triviaqa', 'qasper', 'trec', 'samsum', 'lcc', 'repobench-p', 'qmsum', 'multi_news']",eval,/home/ya255/projects/all_contextual/expt_model/42_microsoft_Phi-3-mini-4k-instruct_False_phi3_qk_128_4_c4_realnewslike_0.5_True_False_finetune_None_None_5000_False_False_False_1_False_False_False_False_4_8_2/0.001_16_None_False_1000_20_1024_fixed_40pc_ExpPred_AllContextual_Jan9_1000_4_1024_1024_1_32_4_16_4_MSE_False_False_P3mini_1k_1PC.csv_P3mini_1k_1PC_True_0.3875000000000002_20250115-200756.pt,,5000,False,False,False,1,False,False,False,False,4,8,2,0.001,16,,False,1000,20,1024,fixed_40pc,oracle,AllContextual_ICML,2500,4,1024,1024,1,32,4,16,4,MSE,True,False,P3mini_1k_1PC_oracle.csv,P3mini_1k_1PC_oracle,True,0.3875000000000002,37.532744742929935,6.896196842193604,0.8160774410774411,0.5184,0.8035908596300326,0.7434885556432518
42,microsoft/Phi-3-mini-4k-instruct,"['winogrande', 'hellaswag', 'piqa', 'arc_easy']",False,phi3,qk,128,4,c4_realnewslike,0.5,True,False,"['triviaqa', 'qasper', 'trec', 'samsum', 'lcc', 'repobench-p', 'qmsum', 'multi_news']",eval,/home/ya255/projects/all_contextual/expt_model/42_microsoft_Phi-3-mini-4k-instruct_False_phi3_qk_128_4_c4_realnewslike_0.5_True_False_finetune_None_None_5000_False_False_False_1_False_False_False_False_4_8_2/0.001_16_None_False_1000_20_1024_fixed_40pc_ExpPred_AllContextual_Jan9_1000_4_1024_1024_1_32_4_16_4_MSE_False_False_P3mini_1k_1PC.csv_P3mini_1k_1PC_True_0.3875000000000002_20250115-200756.pt,,5000,False,False,False,1,False,False,False,False,4,8,2,0.001,16,,False,1000,20,1024,fixed_50pc,oracle,AllContextual_ICML,2500,4,1024,1024,1,32,4,16,4,MSE,True,False,P3mini_1k_1PC_oracle.csv,P3mini_1k_1PC_oracle,True,0.484375,47.11593082174659,6.896985054016113,0.8169191919191919,0.5192,0.7986942328618063,0.7371744277821626
42,microsoft/Phi-3-mini-4k-instruct,"['winogrande', 'hellaswag', 'piqa', 'arc_easy']",False,phi3,qk,128,4,c4_realnewslike,0.5,True,False,"['triviaqa', 'qasper', 'trec', 'samsum', 'lcc', 'repobench-p', 'qmsum', 'multi_news']",eval,/home/ya255/projects/all_contextual/expt_model/42_microsoft_Phi-3-mini-4k-instruct_False_phi3_qk_128_4_c4_realnewslike_0.5_True_False_finetune_None_None_5000_False_False_False_1_False_False_False_False_4_8_2/0.001_16_None_False_1000_20_1024_fixed_40pc_ExpPred_AllContextual_Jan9_1000_4_1024_1024_1_32_4_16_4_MSE_False_False_P3mini_1k_1PC.csv_P3mini_1k_1PC_True_0.3875000000000002_20250115-200756.pt,,5000,False,False,False,1,False,False,False,False,4,8,2,0.001,16,,False,1000,20,1024,fixed_60pc,oracle,AllContextual_ICML,2500,4,1024,1024,1,32,4,16,4,MSE,True,False,P3mini_1k_1PC_oracle.csv,P3mini_1k_1PC_oracle,True,0.58125,56.551176495850086,6.901979446411133,0.8127104377104377,0.522,0.795429815016322,0.7324388318863457
42,microsoft/Phi-3-mini-4k-instruct,"['winogrande', 'hellaswag', 'piqa', 'arc_easy']",False,phi3,qk,128,4,c4_realnewslike,0.5,True,False,"['triviaqa', 'qasper', 'trec', 'samsum', 'lcc', 'repobench-p', 'qmsum', 'multi_news']",eval,/home/ya255/projects/all_contextual/expt_model/42_microsoft_Phi-3-mini-4k-instruct_False_phi3_qk_128_4_c4_realnewslike_0.5_True_False_finetune_None_None_5000_False_False_False_1_False_False_False_False_4_8_2/0.001_16_None_False_1000_20_1024_fixed_40pc_ExpPred_AllContextual_Jan9_1000_4_1024_1024_1_32_4_16_4_MSE_False_False_P3mini_1k_1PC.csv_P3mini_1k_1PC_True_0.3875000000000002_20250115-200756.pt,,5000,False,False,False,1,False,False,False,False,4,8,2,0.001,16,,False,1000,20,1024,fixed_10pc,h2o_true,AllContextual_ICML,2500,4,1024,1024,1,32,4,16,4,MSE,True,False,P3mini_1k_1PC_h2o_true.csv,P3mini_1k_1PC_h2o_true,True,0.096875,9.875159477815032,7.002313137054443,0.8173400673400674,0.5192,0.795429815016322,0.7348066298342542
42,microsoft/Phi-3-mini-4k-instruct,"['winogrande', 'hellaswag', 'piqa', 'arc_easy']",False,phi3,qk,128,4,c4_realnewslike,0.5,True,False,"['triviaqa', 'qasper', 'trec', 'samsum', 'lcc', 'repobench-p', 'qmsum', 'multi_news']",eval,/home/ya255/projects/all_contextual/expt_model/42_microsoft_Phi-3-mini-4k-instruct_False_phi3_qk_128_4_c4_realnewslike_0.5_True_False_finetune_None_None_5000_False_False_False_1_False_False_False_False_4_8_2/0.001_16_None_False_1000_20_1024_fixed_40pc_ExpPred_AllContextual_Jan9_1000_4_1024_1024_1_32_4_16_4_MSE_False_False_P3mini_1k_1PC.csv_P3mini_1k_1PC_True_0.3875000000000002_20250115-200756.pt,,5000,False,False,False,1,False,False,False,False,4,8,2,0.001,16,,False,1000,20,1024,fixed_20pc,h2o_true,AllContextual_ICML,2500,4,1024,1024,1,32,4,16,4,MSE,True,False,P3mini_1k_1PC_h2o_true.csv,P3mini_1k_1PC_h2o_true,True,0.1937500000000001,19.503770722076297,7.141571521759033,0.8211279461279462,0.5196,0.7997823721436343,0.7174427782162589
42,microsoft/Phi-3-mini-4k-instruct,"['winogrande', 'hellaswag', 'piqa', 'arc_easy']",False,phi3,qk,128,4,c4_realnewslike,0.5,True,False,"['triviaqa', 'qasper', 'trec', 'samsum', 'lcc', 'repobench-p', 'qmsum', 'multi_news']",eval,/home/ya255/projects/all_contextual/expt_model/42_microsoft_Phi-3-mini-4k-instruct_False_phi3_qk_128_4_c4_realnewslike_0.5_True_False_finetune_None_None_5000_False_False_False_1_False_False_False_False_4_8_2/0.001_16_None_False_1000_20_1024_fixed_40pc_ExpPred_AllContextual_Jan9_1000_4_1024_1024_1_32_4_16_4_MSE_False_False_P3mini_1k_1PC.csv_P3mini_1k_1PC_True_0.3875000000000002_20250115-200756.pt,,5000,False,False,False,1,False,False,False,False,4,8,2,0.001,16,,False,1000,20,1024,fixed_30pc,h2o_true,AllContextual_ICML,2500,4,1024,1024,1,32,4,16,4,MSE,True,False,P3mini_1k_1PC_h2o_true.csv,P3mini_1k_1PC_h2o_true,True,0.290625,29.16633570566773,7.310577869415283,0.8135521885521886,0.5148,0.7992383025027203,0.691397000789266
42,microsoft/Phi-3-mini-4k-instruct,"['winogrande', 'hellaswag', 'piqa', 'arc_easy']",False,phi3,qk,128,4,c4_realnewslike,0.5,True,False,"['triviaqa', 'qasper', 'trec', 'samsum', 'lcc', 'repobench-p', 'qmsum', 'multi_news']",eval,/home/ya255/projects/all_contextual/expt_model/42_microsoft_Phi-3-mini-4k-instruct_False_phi3_qk_128_4_c4_realnewslike_0.5_True_False_finetune_None_None_5000_False_False_False_1_False_False_False_False_4_8_2/0.001_16_None_False_1000_20_1024_fixed_40pc_ExpPred_AllContextual_Jan9_1000_4_1024_1024_1_32_4_16_4_MSE_False_False_P3mini_1k_1PC.csv_P3mini_1k_1PC_True_0.3875000000000002_20250115-200756.pt,,5000,False,False,False,1,False,False,False,False,4,8,2,0.001,16,,False,1000,20,1024,fixed_40pc,h2o_true,AllContextual_ICML,2500,4,1024,1024,1,32,4,16,4,MSE,True,False,P3mini_1k_1PC_h2o_true.csv,P3mini_1k_1PC_h2o_true,True,0.3875000000000002,38.76482583582401,7.49690055847168,0.8131313131313131,0.514,0.795429815016322,0.6803472770323599
42,microsoft/Phi-3-mini-4k-instruct,"['winogrande', 'hellaswag', 'piqa', 'arc_easy']",False,phi3,qk,128,4,c4_realnewslike,0.5,True,False,"['triviaqa', 'qasper', 'trec', 'samsum', 'lcc', 'repobench-p', 'qmsum', 'multi_news']",eval,/home/ya255/projects/all_contextual/expt_model/42_microsoft_Phi-3-mini-4k-instruct_False_phi3_qk_128_4_c4_realnewslike_0.5_True_False_finetune_None_None_5000_False_False_False_1_False_False_False_False_4_8_2/0.001_16_None_False_1000_20_1024_fixed_40pc_ExpPred_AllContextual_Jan9_1000_4_1024_1024_1_32_4_16_4_MSE_False_False_P3mini_1k_1PC.csv_P3mini_1k_1PC_True_0.3875000000000002_20250115-200756.pt,,5000,False,False,False,1,False,False,False,False,4,8,2,0.001,16,,False,1000,20,1024,fixed_50pc,h2o_true,AllContextual_ICML,2500,4,1024,1024,1,32,4,16,4,MSE,True,False,P3mini_1k_1PC_h2o_true.csv,P3mini_1k_1PC_h2o_true,True,0.484375,48.31207860261202,7.7202653884887695,0.8106060606060606,0.506,0.7921653971708379,0.6629834254143646
42,microsoft/Phi-3-mini-4k-instruct,"['winogrande', 'hellaswag', 'piqa', 'arc_easy']",False,phi3,qk,128,4,c4_realnewslike,0.5,True,False,"['triviaqa', 'qasper', 'trec', 'samsum', 'lcc', 'repobench-p', 'qmsum', 'multi_news']",eval,/home/ya255/projects/all_contextual/expt_model/42_microsoft_Phi-3-mini-4k-instruct_False_phi3_qk_128_4_c4_realnewslike_0.5_True_False_finetune_None_None_5000_False_False_False_1_False_False_False_False_4_8_2/0.001_16_None_False_1000_20_1024_fixed_40pc_ExpPred_AllContextual_Jan9_1000_4_1024_1024_1_32_4_16_4_MSE_False_False_P3mini_1k_1PC.csv_P3mini_1k_1PC_True_0.3875000000000002_20250115-200756.pt,,5000,False,False,False,1,False,False,False,False,4,8,2,0.001,16,,False,1000,20,1024,fixed_60pc,h2o_true,AllContextual_ICML,2500,4,1024,1024,1,32,4,16,4,MSE,True,False,P3mini_1k_1PC_h2o_true.csv,P3mini_1k_1PC_h2o_true,True,0.58125,57.98004679381848,8.031407356262207,0.7992424242424242,0.4976,0.7812840043525572,0.5880031570639306
42,microsoft/Phi-3-mini-4k-instruct,"['winogrande', 'hellaswag', 'piqa', 'arc_easy']",False,phi3,qk,128,4,c4_realnewslike,0.5,True,False,"['triviaqa', 'qasper', 'trec', 'samsum', 'lcc', 'repobench-p', 'qmsum', 'multi_news']",eval,/home/ya255/projects/all_contextual/expt_model/42_microsoft_Phi-3-mini-4k-instruct_False_phi3_qk_128_4_c4_realnewslike_0.5_True_False_finetune_None_None_5000_False_False_False_1_False_False_False_False_4_8_2/0.001_16_None_False_1000_20_1024_fixed_40pc_ExpPred_AllContextual_Jan9_1000_4_1024_1024_1_32_4_16_4_MSE_False_False_P3mini_1k_1PC.csv_P3mini_1k_1PC_True_0.3875000000000002_20250115-200756.pt,,5000,False,False,False,1,False,False,False,False,4,8,2,0.001,16,,False,1000,20,1024,fixed_10pc,quest,AllContextual_ICML,2500,4,1024,1024,1,32,4,16,4,MSE,True,False,P3mini_1k_1PC_quest.csv,P3mini_1k_1PC_quest,True,0.096875,9.390588430687783,8.286471366882324,0.6826599326599326,0.4344,0.7274211099020674,0.6361483820047356
42,microsoft/Phi-3-mini-4k-instruct,"['winogrande', 'hellaswag', 'piqa', 'arc_easy']",False,phi3,qk,128,4,c4_realnewslike,0.5,True,False,"['triviaqa', 'qasper', 'trec', 'samsum', 'lcc', 'repobench-p', 'qmsum', 'multi_news']",eval,/home/ya255/projects/all_contextual/expt_model/42_microsoft_Phi-3-mini-4k-instruct_False_phi3_qk_128_4_c4_realnewslike_0.5_True_False_finetune_None_None_5000_False_False_False_1_False_False_False_False_4_8_2/0.001_16_None_False_1000_20_1024_fixed_40pc_ExpPred_AllContextual_Jan9_1000_4_1024_1024_1_32_4_16_4_MSE_False_False_P3mini_1k_1PC.csv_P3mini_1k_1PC_True_0.3875000000000002_20250115-200756.pt,,5000,False,False,False,1,False,False,False,False,4,8,2,0.001,16,,False,1000,20,1024,fixed_20pc,quest,AllContextual_ICML,2500,4,1024,1024,1,32,4,16,4,MSE,True,False,P3mini_1k_1PC_quest.csv,P3mini_1k_1PC_quest,True,0.1937500000000001,19.00513586588204,10.180867195129396,0.5488215488215489,0.382,0.6681175190424374,0.5248618784530387
42,microsoft/Phi-3-mini-4k-instruct,"['winogrande', 'hellaswag', 'piqa', 'arc_easy']",False,phi3,qk,128,4,c4_realnewslike,0.5,True,False,"['triviaqa', 'qasper', 'trec', 'samsum', 'lcc', 'repobench-p', 'qmsum', 'multi_news']",eval,/home/ya255/projects/all_contextual/expt_model/42_microsoft_Phi-3-mini-4k-instruct_False_phi3_qk_128_4_c4_realnewslike_0.5_True_False_finetune_None_None_5000_False_False_False_1_False_False_False_False_4_8_2/0.001_16_None_False_1000_20_1024_fixed_40pc_ExpPred_AllContextual_Jan9_1000_4_1024_1024_1_32_4_16_4_MSE_False_False_P3mini_1k_1PC.csv_P3mini_1k_1PC_True_0.3875000000000002_20250115-200756.pt,,5000,False,False,False,1,False,False,False,False,4,8,2,0.001,16,,False,1000,20,1024,fixed_30pc,quest,AllContextual_ICML,2500,4,1024,1024,1,32,4,16,4,MSE,True,False,P3mini_1k_1PC_quest.csv,P3mini_1k_1PC_quest,True,0.290625,28.446210362017155,13.047404289245604,0.4898989898989899,0.3776,0.6332970620239391,0.5027624309392266
42,microsoft/Phi-3-mini-4k-instruct,"['winogrande', 'hellaswag', 'piqa', 'arc_easy']",False,phi3,qk,128,4,c4_realnewslike,0.5,True,False,"['triviaqa', 'qasper', 'trec', 'samsum', 'lcc', 'repobench-p', 'qmsum', 'multi_news']",eval,/home/ya255/projects/all_contextual/expt_model/42_microsoft_Phi-3-mini-4k-instruct_False_phi3_qk_128_4_c4_realnewslike_0.5_True_False_finetune_None_None_5000_False_False_False_1_False_False_False_False_4_8_2/0.001_16_None_False_1000_20_1024_fixed_40pc_ExpPred_AllContextual_Jan9_1000_4_1024_1024_1_32_4_16_4_MSE_False_False_P3mini_1k_1PC.csv_P3mini_1k_1PC_True_0.3875000000000002_20250115-200756.pt,,5000,False,False,False,1,False,False,False,False,4,8,2,0.001,16,,False,1000,20,1024,fixed_40pc,quest,AllContextual_ICML,2500,4,1024,1024,1,32,4,16,4,MSE,True,False,P3mini_1k_1PC_quest.csv,P3mini_1k_1PC_quest,True,0.3875000000000002,37.93672816827893,17.939334869384766,0.4398148148148148,0.3608,0.5908596300326442,0.4972375690607735
42,microsoft/Phi-3-mini-4k-instruct,"['winogrande', 'hellaswag', 'piqa', 'arc_easy']",False,phi3,qk,128,4,c4_realnewslike,0.5,True,False,"['triviaqa', 'qasper', 'trec', 'samsum', 'lcc', 'repobench-p', 'qmsum', 'multi_news']",eval,/home/ya255/projects/all_contextual/expt_model/42_microsoft_Phi-3-mini-4k-instruct_False_phi3_qk_128_4_c4_realnewslike_0.5_True_False_finetune_None_None_5000_False_False_False_1_False_False_False_False_4_8_2/0.001_16_None_False_1000_20_1024_fixed_40pc_ExpPred_AllContextual_Jan9_1000_4_1024_1024_1_32_4_16_4_MSE_False_False_P3mini_1k_1PC.csv_P3mini_1k_1PC_True_0.3875000000000002_20250115-200756.pt,,5000,False,False,False,1,False,False,False,False,4,8,2,0.001,16,,False,1000,20,1024,fixed_50pc,quest,AllContextual_ICML,2500,4,1024,1024,1,32,4,16,4,MSE,True,False,P3mini_1k_1PC_quest.csv,P3mini_1k_1PC_quest,True,0.484375,47.54865635186434,27.3986873626709,0.4002525252525252,0.34,0.5946681175190425,0.5169692186266772
42,microsoft/Phi-3-mini-4k-instruct,"['winogrande', 'hellaswag', 'piqa', 'arc_easy']",False,phi3,qk,128,4,c4_realnewslike,0.5,True,False,"['triviaqa', 'qasper', 'trec', 'samsum', 'lcc', 'repobench-p', 'qmsum', 'multi_news']",eval,/home/ya255/projects/all_contextual/expt_model/42_microsoft_Phi-3-mini-4k-instruct_False_phi3_qk_128_4_c4_realnewslike_0.5_True_False_finetune_None_None_5000_False_False_False_1_False_False_False_False_4_8_2/0.001_16_None_False_1000_20_1024_fixed_40pc_ExpPred_AllContextual_Jan9_1000_4_1024_1024_1_32_4_16_4_MSE_False_False_P3mini_1k_1PC.csv_P3mini_1k_1PC_True_0.3875000000000002_20250115-200756.pt,,5000,False,False,False,1,False,False,False,False,4,8,2,0.001,16,,False,1000,20,1024,fixed_60pc,quest,AllContextual_ICML,2500,4,1024,1024,1,32,4,16,4,MSE,True,False,P3mini_1k_1PC_quest.csv,P3mini_1k_1PC_quest,True,0.58125,57.03638754785061,47.62501907348633,0.3733164983164983,0.3332,0.5690968443960827,0.5138121546961326
42,microsoft/Phi-3-mini-4k-instruct,"['winogrande', 'hellaswag', 'piqa', 'arc_easy']",False,phi3,qk,128,4,c4_realnewslike,0.5,True,False,"['triviaqa', 'qasper', 'trec', 'samsum', 'lcc', 'repobench-p', 'qmsum', 'multi_news']",eval,/home/ya255/projects/all_contextual/expt_model/42_microsoft_Phi-3-mini-4k-instruct_False_phi3_qk_128_4_c4_realnewslike_0.5_True_False_finetune_None_None_5000_False_False_False_1_False_False_False_False_4_8_2/0.001_16_None_False_1000_20_1024_fixed_40pc_ExpPred_AllContextual_Jan9_1000_4_1024_1024_1_32_4_16_4_MSE_False_False_P3mini_1k_1PC.csv_P3mini_1k_1PC_True_0.3875000000000002_20250115-200756.pt,,5000,False,False,False,1,False,False,False,False,4,8,2,0.001,16,,False,1000,20,1024,fixed_10pc,streamingLLM,AllContextual_ICML,2500,4,1024,1024,1,32,4,16,4,MSE,True,False,P3mini_1k_1PC_streamingLLM.csv,P3mini_1k_1PC_streamingLLM,True,0.096875,9.411111567169428,7.00917387008667,0.8202861952861953,0.5164,0.7976060935799782,0.7229676400947119
42,microsoft/Phi-3-mini-4k-instruct,"['winogrande', 'hellaswag', 'piqa', 'arc_easy']",False,phi3,qk,128,4,c4_realnewslike,0.5,True,False,"['triviaqa', 'qasper', 'trec', 'samsum', 'lcc', 'repobench-p', 'qmsum', 'multi_news']",eval,/home/ya255/projects/all_contextual/expt_model/42_microsoft_Phi-3-mini-4k-instruct_False_phi3_qk_128_4_c4_realnewslike_0.5_True_False_finetune_None_None_5000_False_False_False_1_False_False_False_False_4_8_2/0.001_16_None_False_1000_20_1024_fixed_40pc_ExpPred_AllContextual_Jan9_1000_4_1024_1024_1_32_4_16_4_MSE_False_False_P3mini_1k_1PC.csv_P3mini_1k_1PC_True_0.3875000000000002_20250115-200756.pt,,5000,False,False,False,1,False,False,False,False,4,8,2,0.001,16,,False,1000,20,1024,fixed_20pc,streamingLLM,AllContextual_ICML,2500,4,1024,1024,1,32,4,16,4,MSE,True,False,P3mini_1k_1PC_streamingLLM.csv,P3mini_1k_1PC_streamingLLM,True,0.1937500000000001,19.10205241292715,7.1794610023498535,0.8034511784511784,0.5052,0.7812840043525572,0.6929755327545383
42,microsoft/Phi-3-mini-4k-instruct,"['winogrande', 'hellaswag', 'piqa', 'arc_easy']",False,phi3,qk,128,4,c4_realnewslike,0.5,True,False,"['triviaqa', 'qasper', 'trec', 'samsum', 'lcc', 'repobench-p', 'qmsum', 'multi_news']",eval,/home/ya255/projects/all_contextual/expt_model/42_microsoft_Phi-3-mini-4k-instruct_False_phi3_qk_128_4_c4_realnewslike_0.5_True_False_finetune_None_None_5000_False_False_False_1_False_False_False_False_4_8_2/0.001_16_None_False_1000_20_1024_fixed_40pc_ExpPred_AllContextual_Jan9_1000_4_1024_1024_1_32_4_16_4_MSE_False_False_P3mini_1k_1PC.csv_P3mini_1k_1PC_True_0.3875000000000002_20250115-200756.pt,,5000,False,False,False,1,False,False,False,False,4,8,2,0.001,16,,False,1000,20,1024,fixed_30pc,streamingLLM,AllContextual_ICML,2500,4,1024,1024,1,32,4,16,4,MSE,True,False,P3mini_1k_1PC_streamingLLM.csv,P3mini_1k_1PC_streamingLLM,True,0.290625,28.71674206107855,7.399302005767822,0.7765151515151515,0.4976,0.7540805223068553,0.6385161799526441
42,microsoft/Phi-3-mini-4k-instruct,"['winogrande', 'hellaswag', 'piqa', 'arc_easy']",False,phi3,qk,128,4,c4_realnewslike,0.5,True,False,"['triviaqa', 'qasper', 'trec', 'samsum', 'lcc', 'repobench-p', 'qmsum', 'multi_news']",eval,/home/ya255/projects/all_contextual/expt_model/42_microsoft_Phi-3-mini-4k-instruct_False_phi3_qk_128_4_c4_realnewslike_0.5_True_False_finetune_None_None_5000_False_False_False_1_False_False_False_False_4_8_2/0.001_16_None_False_1000_20_1024_fixed_40pc_ExpPred_AllContextual_Jan9_1000_4_1024_1024_1_32_4_16_4_MSE_False_False_P3mini_1k_1PC.csv_P3mini_1k_1PC_True_0.3875000000000002_20250115-200756.pt,,5000,False,False,False,1,False,False,False,False,4,8,2,0.001,16,,False,1000,20,1024,fixed_40pc,streamingLLM,AllContextual_ICML,2500,4,1024,1024,1,32,4,16,4,MSE,True,False,P3mini_1k_1PC_streamingLLM.csv,P3mini_1k_1PC_streamingLLM,True,0.3875000000000002,38.35033355280757,7.652201652526855,0.7386363636363636,0.4912,0.7410228509249184,0.6077348066298343
42,microsoft/Phi-3-mini-4k-instruct,"['winogrande', 'hellaswag', 'piqa', 'arc_easy']",False,phi3,qk,128,4,c4_realnewslike,0.5,True,False,"['triviaqa', 'qasper', 'trec', 'samsum', 'lcc', 'repobench-p', 'qmsum', 'multi_news']",eval,/home/ya255/projects/all_contextual/expt_model/42_microsoft_Phi-3-mini-4k-instruct_False_phi3_qk_128_4_c4_realnewslike_0.5_True_False_finetune_None_None_5000_False_False_False_1_False_False_False_False_4_8_2/0.001_16_None_False_1000_20_1024_fixed_40pc_ExpPred_AllContextual_Jan9_1000_4_1024_1024_1_32_4_16_4_MSE_False_False_P3mini_1k_1PC.csv_P3mini_1k_1PC_True_0.3875000000000002_20250115-200756.pt,,5000,False,False,False,1,False,False,False,False,4,8,2,0.001,16,,False,1000,20,1024,fixed_50pc,streamingLLM,AllContextual_ICML,2500,4,1024,1024,1,32,4,16,4,MSE,True,False,P3mini_1k_1PC_streamingLLM.csv,P3mini_1k_1PC_streamingLLM,True,0.484375,48.08268696069717,8.017375946044922,0.6637205387205387,0.4748,0.7247007616974973,0.5714285714285714
42,microsoft/Phi-3-mini-4k-instruct,"['winogrande', 'hellaswag', 'piqa', 'arc_easy']",False,phi3,qk,128,4,c4_realnewslike,0.5,True,False,"['triviaqa', 'qasper', 'trec', 'samsum', 'lcc', 'repobench-p', 'qmsum', 'multi_news']",eval,/home/ya255/projects/all_contextual/expt_model/42_microsoft_Phi-3-mini-4k-instruct_False_phi3_qk_128_4_c4_realnewslike_0.5_True_False_finetune_None_None_5000_False_False_False_1_False_False_False_False_4_8_2/0.001_16_None_False_1000_20_1024_fixed_40pc_ExpPred_AllContextual_Jan9_1000_4_1024_1024_1_32_4_16_4_MSE_False_False_P3mini_1k_1PC.csv_P3mini_1k_1PC_True_0.3875000000000002_20250115-200756.pt,,5000,False,False,False,1,False,False,False,False,4,8,2,0.001,16,,False,1000,20,1024,fixed_60pc,streamingLLM,AllContextual_ICML,2500,4,1024,1024,1,32,4,16,4,MSE,True,False,P3mini_1k_1PC_streamingLLM.csv,P3mini_1k_1PC_streamingLLM,True,0.58125,57.62994550168514,8.546406745910645,0.5942760942760943,0.4576,0.7013057671381937,0.5343330702446725
